osm_id,osm_type,name,tourism,historic,leisure,latitude,longtitude,city
1013403364,node,Monumen Purwa Aswa Purba,,monument,,-6.914874,107.6024538,bandung
1014721911,node,Bandung Lautan Api,artwork,monument,,-6.9338478,107.6049198,bandung
1700852205,node,BDG 0,,memorial,,-6.9215253,107.6110228,bandung
1708180763,node,KNIL monument,,memorial,,-6.898894,107.5920439,bandung
1823875695,node,Monumen Perpamsi,,monument,,-6.9056738,107.6107164,bandung
2500454838,node,,,memorial,,-6.8983471,107.5921019,bandung
2500454839,node,Graf van de onbekende soldaat en onbekende burger,,memorial,,-6.9005172,107.5921261,bandung
3128774234,node,Husein Sastranegana,,monument,,-6.9067721,107.5873489,bandung
3348067546,node,Rumah Bersejarah Inggit Garnasih,museum,,,-6.9314629,107.6024885,bandung
3348122792,node,Monumen Konferensi Asia Afrika,,monument,,-6.922361,107.6177074,bandung
3348123493,node,Monumen Tank Baja,,tank,,-6.9227976,107.6198103,bandung
3348135338,node,Monumen Penjara Bung Karno,,monument,,-6.9191554,107.6077252,bandung
3348140433,node,Monumen Laskar Wanita,,memorial,,-6.9150735,107.606867,bandung
3348140434,node,Monumen Tentara Pelajar,,memorial,,-6.9147727,107.6070197,bandung
3431378604,node,Makam Pendiri Kota Bandung,,tomb,,-6.921634,107.605588,bandung
3434620514,node,Machine gun,,memorial,,-6.9272101,107.6132187,bandung
3754824465,node,Kopi Aroma,attraction,,,-6.9174718,107.6062699,bandung
3809369307,node,Balai Pengelolaan Taman Budaya,,memorial,,-6.868279,107.6204483,bandung
3815207521,node,Tebing Keraton,attraction,,,-6.8348584,107.6638952,bandung
3817206785,node,Panhard EBR FL-11,,tank,,-6.9252972,107.6299873,bandung
4329454377,node,Galeri Cinde,gallery,,,-6.8965886,107.6346884,bandung
4338249203,node,Iris Garden,attraction,,,-6.9633866,107.6262382,bandung
4365723062,node,Pintu Utara Stasiun Bandung,,monument,,-6.9126809,107.6025815,bandung
4451042091,node,Egioto.com,viewpoint,,,-6.8672308,107.5775872,bandung
4551687324,node,Curug Omas,viewpoint,,,-6.8343728,107.6580337,bandung
4553213462,node,Museum Ir.H. Juanda,museum,,,-6.8576071,107.6291737,bandung
4625757227,node,Amazing Art World,museum,,,-6.8516724,107.5963601,bandung
5172305132,node,,,monument,,-6.905591,107.6077211,bandung
5178031251,node,Pastoor H.C. Verbraak,artwork,memorial,,-6.9089699,107.6141983,bandung
5188407891,node,Seni Abadi,gallery,,,-6.9042507,107.6056955,bandung
5312537881,node,Pintu Masuk Forest Walk Babakan Siliwangi,attraction,,,-6.8852505,107.6097305,bandung
5503920859,node,Sumur Bandung,attraction,,,-6.9207697,107.6085001,bandung
5506699714,node,Bandung Science Center,museum,,,-6.8773023,107.5947081,bandung
5554688585,node,Museum Gedung Sate,museum,,,-6.9025816,107.6190825,bandung
5561282275,node,,,monument,,-6.8829537,107.6010995,bandung
5564292643,node,Patung Maung Bandung,,monument,,-6.9043663,107.6043675,bandung
5566296346,node,,,monument,,-6.9043824,107.6027797,bandung
5586548849,node,Museum Pos Indonesia,museum,,,-6.9020925,107.6198013,bandung
5591673207,node,Karang Setra,,,water_park,-6.8783006,107.5951986,bandung
5638762921,node,Jalan Sukamaju,viewpoint,,,-6.9238106,107.7061898,bandung
5654460921,node,Flyover Pelangi Antapani,viewpoint,,,-6.9137166,107.6437018,bandung
5686426821,node,Shoes and bags shopping street,attraction,,,-6.9492258,107.5940721,bandung
5778956253,node,Gedung Denzibang,viewpoint,,,-6.9400217,107.6450405,bandung
5824553653,node,Perumahan Sukaasih,viewpoint,,,-6.907019,107.6860279,bandung
5885293835,node,Hall of Fame Jawa Barat,museum,,,-6.9348098,107.6632081,bandung
6009237968,node,Lapang Karet,,,park,-6.8892711,107.603128,bandung
6123051585,node,Jalan Cipaera,viewpoint,,,-6.9216966,107.6242637,bandung
6149684552,node,Dago Car Free Day,attraction,,,-6.8982253,107.6128252,bandung
6177878595,node,,,memorial,,-6.9065558,107.6300565,bandung
6180075325,node,,,memorial,,-6.9047873,107.6223045,bandung
6185235086,node,Patung Kuda Putih,,monument,,-6.9639269,107.562692,bandung
6265263186,node,Jalan Majalengka Dalam,viewpoint,,,-6.919637,107.6304563,bandung
6342441385,node,Jalan Sukasari II,viewpoint,,,-6.8923537,107.6207279,bandung
6418849587,node,Rumah Miring,attraction,,,-6.8437773,107.6321737,bandung
6466097818,node,Tugu Selamat Datang di Kota Bandung,,monument,,-6.9106346,107.5692022,bandung
6711669611,node,,,monument,,-6.9126375,107.6039734,bandung
6714107763,node,Museum Perbendaharaan,museum,,,-6.9006473,107.6228648,bandung
6725583856,node,,,monument,,-6.9161781,107.6090424,bandung
6725618307,node,Kereta Api TD 1002,,locomotive,,-6.9141709,107.6070778,bandung
6725758915,node,Zerotoys Museum Mainan,museum,,,-6.9199749,107.6176886,bandung
6725832656,node,Patung Inovasi,,memorial,,-6.9099799,107.6149205,bandung
6725860935,node,,,monument,,-6.8999997,107.6042383,bandung
6845782255,node,,,,park,-6.8774116,107.6358355,bandung
6845787741,node,,,,park,-6.8926959,107.6525695,bandung
6864849884,node,,,,park,-6.8776789,107.6734255,bandung
7083339722,node,Bandung Planning Gallery,museum,,,-6.9103103,107.6098121,bandung
7246694685,node,Mesjid Al-Hidayah,viewpoint,,,-6.8893846,107.6205837,bandung
7291289485,node,D'Deuland,attraction,,,-6.8430581,107.6222215,bandung
7466927526,node,Lapangan Volly Sadang Serang,,,park,-6.8922483,107.6250383,bandung
7466927551,node,Lapangan Bulutangkis,,,park,-6.8927674,107.6246856,bandung
8093054817,node,Jalan Sudimara,viewpoint,,,-6.9016281,107.7029219,bandung
8434131078,node,Taman Permata Permai,,,park,-6.9220421,107.6780591,bandung
9269437521,node,Bandung Lautan Api,,,park,-6.9358185,107.6027267,bandung
9502711931,node,Puri Amanda,,,park,-6.9680586,107.6678718,bandung
9676888751,node,,,,park,-6.8705228,107.6155957,bandung
9726770690,node,Open Space,,,park,-6.9354175,107.7192431,bandung
9750920292,node,Kantor Kelurahan Cibeunying Kab.Bandung,,,park,-6.8868675,107.633736,bandung
9808094311,node,Bunderan Cibiru,,monument,,-6.9349796,107.7176635,bandung
9816621944,node,Tugu Sepatu Cibaduyut,,monument,,-6.9474505,107.5952938,bandung
9819127528,node,Taman Pendidikan Bunda Floria,,,park,-6.8625479,107.5725486,bandung
9932149562,node,,,monument,,-6.90716,107.6044425,bandung
9938445753,node,Kampung Korea Bandung,attraction,,,-6.9155688,107.6406431,bandung
9938653539,node,Taman Asia Africa,,,park,-6.9165381,107.6423465,bandung
9942070649,node,Taman Metrologi,,,park,-6.8857564,107.5966206,bandung
9942077640,node,Taman Gaya,,,park,-6.8810174,107.5989885,bandung
9944380449,node,,,monument,,-6.9138549,107.6090085,bandung
10277073758,node,Tembok Ratapan,,memorial,,-6.8912847,107.6097021,bandung
10280227881,node,Museum Nike Ardilla,museum,,,-6.9405148,107.6725146,bandung
10280251596,node,Museum Kebudayaan Tionghoa,museum,,,-6.9217089,107.5773807,bandung
10284195908,node,Sanggar Olah Seni Babakan Siliwangi,gallery,,,-6.8848947,107.6105402,bandung
10284202116,node,Galeri Soermardja,gallery,,,-6.8924546,107.6115175,bandung
10653924700,node,Galeri Kebun Seni Tamansari Bandung,gallery,,,-6.8887947,107.6078554,bandung
10656979386,node,Gloya by Krida Nusantara,gallery,,,-6.9010128,107.612598,bandung
10767220772,node,,,monument,,-6.8987761,107.6186923,bandung
10793588346,node,Kutipan Pidi Baiq,attraction,,,-6.9211786,107.6079663,bandung
10793588347,node,Kutipan M.A.W. Brouwer,attraction,,,-6.9213235,107.6079412,bandung
10996585701,node,Seasons Playground,,,park,-6.9083679,107.6110814,bandung
11048805968,node,Gedung Sate,viewpoint,,,-6.9015419,107.6187689,bandung
11052507720,node,Bandung sister cities - Braunschweig,,monument,,-6.9064515,107.6077688,bandung
11052532594,node,Tugu PKK,,monument,,-6.9011966,107.6250958,bandung
11061286364,node,Train,,monument,,-6.9199099,107.6313852,bandung
11064992945,node,Lengkong Night Street Food,attraction,,,-6.9232638,107.6134721,bandung
11104669197,node,,,city_gate,,-6.8860817,107.6136749,bandung
11337699136,node,Patung Ikan,,monument,,-6.9375474,107.6094128,bandung
11415319631,node,Saritem Redlight Disrtict,attraction,,,-6.9179729,107.5976408,bandung
11539070161,node,Atrium Cibadag,viewpoint,,,-6.9552652,107.6986145,bandung
11539070162,node,Atrium Cileutik,viewpoint,,,-6.9544364,107.6982601,bandung
11539070163,node,Atrium Ciunik,viewpoint,,,-6.9558207,107.697333,bandung
11990031883,node,Tugu Perjuangan Bandung Timur,,memorial,,-6.9068721,107.6683225,bandung
12015613211,node,Selasar Sunaryo Art Space,gallery,,,-6.8586315,107.6365204,bandung
12051490449,node,Monumen Al Jabbar,,monument,,-6.9489111,107.705261,bandung
12064456186,node,PTDI Factory tour Bandros start,attraction,,,-6.9018405,107.58486,bandung
12069204979,node,Wot Batu,gallery,,,-6.8585391,107.6366148,bandung
12073059377,node,Sister City Park,,,park,-6.9071181,107.6130041,bandung
12090548597,node,Gong,,monument,,-6.9234612,107.6069163,bandung
12090565556,node,Dunia Antariksa,attraction,,,-6.8877461,107.5958408,bandung
12180637363,node,Batu Batik,attraction,,,-6.8408239,107.6528393,bandung
12180637399,node,Curug Omas,viewpoint,,,-6.8348084,107.6582476,bandung
12488357574,node,Kontrakan bp dodo,,,park,-6.9452117,107.6536103,bandung
12624763934,node,Taman SD dan SMA 14,,,park,-6.9038284,107.6359433,bandung
13031340642,node,Monumen Tentara Pelajar,,monument,,-6.9145707,107.6070682,bandung
13036991649,node,Tank,,tank,,-6.9042257,107.6239578,bandung
13042314420,node,Museum Kavaleri,museum,,,-6.9254976,107.6302176,bandung
13045346902,node,,,monument,,-6.9077158,107.6075458,bandung
13277786027,node,,,monument,,-6.8975074,107.6343353,bandung
13306436431,node,Taman Ulin,,,park,-6.8991492,107.6066358,bandung
13306436432,node,Caskade Park,,,park,-6.8990507,107.6068156,bandung
13426687193,node,,,monument,,-6.9075936,107.5798141,bandung
13535911147,node,Lost in Clay,attraction,,,-6.884874,107.6107019,bandung
13567364042,node,,,monument,,-6.9677424,107.6980307,bandung
13621753513,node,Taman Plano,,,park,-6.8969243,107.6376254,bandung
13650694532,node,Galeri Rasulullah,museum,,,-6.9481559,107.7035885,bandung
13715104021,node,,,monument,,-6.9133184,107.6096594,bandung
13784570601,node,Rafflesia Park G-Land Ciwastra Park,attraction,,,-6.9699653,107.6639249,bandung
13833618295,node,Margacinta Park,,,water_park,-6.9545526,107.6479533,bandung
13990915899,node,,museum,,,-6.8933859,107.6183078,bandung
14041350074,node,Museum ITB,museum,,,-6.8862383,107.6085713,bandung
14085713330,node,Sekali Teman Tetap Teman,,monument,,-6.8904868,107.6103678,bandung
